len_in_AAs,num_parts,sim,0
5,3,0,66.0
5,3,1,152.0
5,3,2,41.0
5,3,3,118.0
5,3,4,93.0
5,3,5,77.0
5,3,6,106.0
5,3,7,132.0
5,3,8,94.0
5,3,9,91.0
5,3,10,103.0
5,3,11,63.0
5,3,12,170.0
5,3,13,94.0
5,3,14,145.0
5,3,15,104.0
5,3,16,114.0
5,3,17,13.0
5,3,18,97.0
5,3,19,62.0
5,3,20,111.0
5,3,21,77.0
5,3,22,118.0
5,3,23,130.0
5,3,24,99.0
5,3,25,85.0
5,3,26,15.0
5,3,27,69.0
5,3,28,88.0
5,3,29,45.0
5,3,30,113.0
5,3,31,60.0
5,3,32,127.0
5,3,33,120.0
5,3,34,126.0
5,3,35,71.0
5,3,36,139.0
5,3,37,40.0
5,3,38,71.0
5,3,39,98.0
5,3,40,89.0
5,3,41,55.0
5,3,42,106.0
5,3,43,125.0
5,3,44,112.0
5,3,45,134.0
5,3,46,25.0
5,3,47,96.0
5,3,48,64.0
5,3,49,125.0
5,3,50,74.0
5,3,51,104.0
5,3,52,153.0
5,3,53,80.0
5,3,54,98.0
5,3,55,83.0
5,3,56,137.0
5,3,57,103.0
5,3,58,107.0
5,3,59,80.0
5,3,60,35.0
5,3,61,151.0
5,3,62,7.0
5,3,63,133.0
5,3,64,102.0
5,3,65,96.0
5,3,66,71.0
5,3,67,47.0
5,3,68,159.0
5,3,69,89.0
5,3,70,104.0
5,3,71,123.0
5,3,72,51.0
5,3,73,81.0
5,3,74,163.0
5,3,75,43.0
5,3,76,118.0
5,3,77,53.0
5,3,78,113.0
5,3,79,53.0
5,3,80,132.0
5,3,81,35.0
5,3,82,64.0
5,3,83,45.0
5,3,84,87.0
5,3,85,51.0
5,3,86,153.0
5,3,87,148.0
5,3,88,97.0
5,3,89,37.0
5,3,90,41.0
5,3,91,71.0
5,3,92,101.0
5,3,93,88.0
5,3,94,114.0
5,3,95,100.0
5,3,96,116.0
5,3,97,54.0
5,3,98,99.0
5,3,99,156.0
5,5,0,33.0
5,5,1,23.0
5,5,2,24.0
5,5,3,20.0
5,5,4,24.0
5,5,5,4.0
5,5,6,17.0
5,5,7,11.0
5,5,8,25.0
5,5,9,30.0
5,5,10,17.0
5,5,11,15.0
5,5,12,17.0
5,5,13,28.0
5,5,14,17.0
5,5,15,24.0
5,5,16,6.0
5,5,17,13.0
5,5,18,20.0
5,5,19,13.0
5,5,20,24.0
5,5,21,18.0
5,5,22,20.0
5,5,23,25.0
5,5,24,19.0
5,5,25,16.0
5,5,26,8.0
5,5,27,29.0
5,5,28,16.0
5,5,29,16.0
5,5,30,11.0
5,5,31,16.0
5,5,32,15.0
5,5,33,24.0
5,5,34,14.0
5,5,35,14.0
5,5,36,33.0
5,5,37,21.0
5,5,38,13.0
5,5,39,11.0
5,5,40,29.0
5,5,41,21.0
5,5,42,19.0
5,5,43,27.0
5,5,44,17.0
5,5,45,24.0
5,5,46,25.0
5,5,47,20.0
5,5,48,7.0
5,5,49,19.0
5,5,50,11.0
5,5,51,17.0
5,5,52,24.0
5,5,53,20.0
5,5,54,21.0
5,5,55,16.0
5,5,56,14.0
5,5,57,23.0
5,5,58,18.0
5,5,59,22.0
5,5,60,10.0
5,5,61,9.0
5,5,62,2.0
5,5,63,19.0
5,5,64,11.0
5,5,65,10.0
5,5,66,13.0
5,5,67,28.0
5,5,68,21.0
5,5,69,27.0
5,5,70,16.0
5,5,71,13.0
5,5,72,24.0
5,5,73,14.0
5,5,74,18.0
5,5,75,15.0
5,5,76,26.0
5,5,77,36.0
5,5,78,37.0
5,5,79,7.0
5,5,80,17.0
5,5,81,6.0
5,5,82,25.0
5,5,83,12.0
5,5,84,15.0
5,5,85,20.0
5,5,86,18.0
5,5,87,21.0
5,5,88,31.0
5,5,89,13.0
5,5,90,23.0
5,5,91,21.0
5,5,92,32.0
5,5,93,27.0
5,5,94,9.0
5,5,95,17.0
5,5,96,14.0
5,5,97,5.0
5,5,98,26.0
5,5,99,30.0
5,7,0,6.0
5,7,1,4.0
5,7,2,4.0
5,7,3,2.0
5,7,4,8.0
5,7,5,2.0
5,7,6,2.0
5,7,7,1.0
5,7,8,2.0
5,7,9,6.0
5,7,10,5.0
5,7,11,5.0
5,7,12,5.0
5,7,13,2.0
5,7,14,1.0
5,7,15,6.0
5,7,16,3.0
5,7,17,1.0
5,7,18,3.0
5,7,19,2.0
5,7,20,5.0
5,7,21,2.0
5,7,22,3.0
5,7,23,2.0
5,7,24,5.0
5,7,25,2.0
5,7,26,5.0
5,7,27,5.0
5,7,28,4.0
5,7,29,7.0
5,7,30,7.0
5,7,31,4.0
5,7,32,6.0
5,7,33,4.0
5,7,34,2.0
5,7,35,7.0
5,7,36,4.0
5,7,37,4.0
5,7,38,2.0
5,7,39,5.0
5,7,40,5.0
5,7,41,4.0
5,7,42,8.0
5,7,43,6.0
5,7,44,6.0
5,7,45,4.0
5,7,46,9.0
5,7,47,4.0
5,7,48,2.0
5,7,49,6.0
5,7,50,8.0
5,7,51,2.0
5,7,52,6.0
5,7,53,7.0
5,7,54,8.0
5,7,55,4.0
5,7,56,6.0
5,7,57,5.0
5,7,58,2.0
5,7,59,5.0
5,7,60,5.0
5,7,61,7.0
5,7,62,1.0
5,7,63,4.0
5,7,64,8.0
5,7,65,4.0
5,7,66,2.0
5,7,67,9.0
5,7,68,10.0
5,7,69,4.0
5,7,70,6.0
5,7,71,3.0
5,7,72,7.0
5,7,73,7.0
5,7,74,5.0
5,7,75,2.0
5,7,76,7.0
5,7,77,4.0
5,7,78,4.0
5,7,79,4.0
5,7,80,5.0
5,7,81,1.0
5,7,82,6.0
5,7,83,5.0
5,7,84,8.0
5,7,85,3.0
5,7,86,6.0
5,7,87,6.0
5,7,88,3.0
5,7,89,5.0
5,7,90,6.0
5,7,91,1.0
5,7,92,8.0
5,7,93,11.0
5,7,94,5.0
5,7,95,5.0
5,7,96,5.0
5,7,97,1.0
5,7,98,1.0
5,7,99,5.0
6,3,0,296.0
6,3,1,531.0
6,3,2,535.0
6,3,3,570.0
6,3,4,412.0
6,3,5,407.0
6,3,6,604.0
6,3,7,504.0
6,3,8,312.0
6,3,9,234.0
6,3,10,415.0
6,3,11,672.0
6,3,12,833.0
6,3,13,446.0
6,3,14,308.0
6,3,15,495.0
6,3,16,388.0
6,3,17,527.0
6,3,18,396.0
6,3,19,258.0
6,3,20,420.0
6,3,21,181.0
6,3,22,614.0
6,3,23,144.0
6,3,24,454.0
6,3,25,363.0
6,3,26,544.0
6,3,27,585.0
6,3,28,367.0
6,3,29,509.0
6,3,30,487.0
6,3,31,422.0
6,3,32,498.0
6,3,33,673.0
6,3,34,456.0
6,3,35,226.0
6,3,36,577.0
6,3,37,491.0
6,3,38,267.0
6,3,39,600.0
6,3,40,384.0
6,3,41,695.0
6,3,42,330.0
6,3,43,378.0
6,3,44,501.0
6,3,45,461.0
6,3,46,252.0
6,3,47,664.0
6,3,48,489.0
6,3,49,229.0
6,3,50,408.0
6,3,51,740.0
6,3,52,495.0
6,3,53,462.0
6,3,54,634.0
6,3,55,624.0
6,3,56,512.0
6,3,57,512.0
6,3,58,408.0
6,3,59,708.0
6,3,60,538.0
6,3,61,304.0
6,3,62,264.0
6,3,63,91.0
6,3,64,624.0
6,3,65,299.0
6,3,66,452.0
6,3,67,281.0
6,3,68,493.0
6,3,69,493.0
6,3,70,249.0
6,3,71,457.0
6,3,72,741.0
6,3,73,158.0
6,3,74,670.0
6,3,75,667.0
6,3,76,445.0
6,3,77,635.0
6,3,78,351.0
6,3,79,636.0
6,3,80,310.0
6,3,81,430.0
6,3,82,689.0
6,3,83,504.0
6,3,84,788.0
6,3,85,438.0
6,3,86,387.0
6,3,87,491.0
6,3,88,466.0
6,3,89,476.0
6,3,90,483.0
6,3,91,560.0
6,3,92,802.0
6,3,93,670.0
6,3,94,730.0
6,3,95,391.0
6,3,96,557.0
6,3,97,315.0
6,3,98,475.0
6,3,99,287.0
6,5,0,31.0
6,5,1,26.0
6,5,2,15.0
6,5,3,26.0
6,5,4,25.0
6,5,5,22.0
6,5,6,24.0
6,5,7,21.0
6,5,8,21.0
6,5,9,12.0
6,5,10,14.0
6,5,11,10.0
6,5,12,7.0
6,5,13,17.0
6,5,14,24.0
6,5,15,21.0
6,5,16,12.0
6,5,17,5.0
6,5,18,22.0
6,5,19,12.0
6,5,20,19.0
6,5,21,13.0
6,5,22,8.0
6,5,23,26.0
6,5,24,20.0
6,5,25,15.0
6,5,26,21.0
6,5,27,14.0
6,5,28,20.0
6,5,29,25.0
6,5,30,14.0
6,5,31,11.0
6,5,32,12.0
6,5,33,38.0
6,5,34,4.0
6,5,35,7.0
6,5,36,13.0
6,5,37,19.0
6,5,38,19.0
6,5,39,9.0
6,5,40,19.0
6,5,41,22.0
6,5,42,16.0
6,5,43,22.0
6,5,44,3.0
6,5,45,14.0
6,5,46,4.0
6,5,47,19.0
6,5,48,19.0
6,5,49,23.0
6,5,50,6.0
6,5,51,13.0
6,5,52,10.0
6,5,53,24.0
6,5,54,18.0
6,5,55,14.0
6,5,56,27.0
6,5,57,28.0
6,5,58,15.0
6,5,59,14.0
6,5,60,31.0
6,5,61,16.0
6,5,62,25.0
6,5,63,12.0
6,5,64,18.0
6,5,65,9.0
6,5,66,26.0
6,5,67,26.0
6,5,68,16.0
6,5,69,33.0
6,5,70,3.0
6,5,71,19.0
6,5,72,12.0
6,5,73,15.0
6,5,74,24.0
6,5,75,23.0
6,5,76,21.0
6,5,77,14.0
6,5,78,17.0
6,5,79,18.0
6,5,80,14.0
6,5,81,24.0
6,5,82,19.0
6,5,83,24.0
6,5,84,19.0
6,5,85,38.0
6,5,86,13.0
6,5,87,17.0
6,5,88,8.0
6,5,89,14.0
6,5,90,17.0
6,5,91,8.0
6,5,92,10.0
6,5,93,21.0
6,5,94,6.0
6,5,95,20.0
6,5,96,14.0
6,5,97,22.0
6,5,98,15.0
6,5,99,13.0
6,7,0,1.0
6,7,1,4.0
6,7,2,4.0
6,7,3,7.0
6,7,4,2.0
6,7,5,2.0
6,7,6,4.0
6,7,7,7.0
6,7,8,2.0
6,7,9,5.0
6,7,10,3.0
6,7,11,8.0
6,7,12,4.0
6,7,13,4.0
6,7,14,6.0
6,7,15,4.0
6,7,16,2.0
6,7,17,1.0
6,7,18,5.0
6,7,19,2.0
6,7,20,2.0
6,7,21,2.0
6,7,22,4.0
6,7,23,1.0
6,7,24,12.0
6,7,25,2.0
6,7,26,9.0
6,7,27,6.0
6,7,28,1.0
6,7,29,8.0
6,7,30,7.0
6,7,31,4.0
6,7,32,5.0
6,7,33,2.0
6,7,34,2.0
6,7,35,2.0
6,7,36,6.0
6,7,37,3.0
6,7,38,4.0
6,7,39,3.0
6,7,40,7.0
6,7,41,10.0
6,7,42,3.0
6,7,43,5.0
6,7,44,2.0
6,7,45,6.0
6,7,46,3.0
6,7,47,5.0
6,7,48,7.0
6,7,49,3.0
6,7,50,3.0
6,7,51,7.0
6,7,52,6.0
6,7,53,5.0
6,7,54,7.0
6,7,55,6.0
6,7,56,8.0
6,7,57,7.0
6,7,58,3.0
6,7,59,3.0
6,7,60,4.0
6,7,61,4.0
6,7,62,5.0
6,7,63,1.0
6,7,64,1.0
6,7,65,5.0
6,7,66,5.0
6,7,67,3.0
6,7,68,9.0
6,7,69,9.0
6,7,70,2.0
6,7,71,7.0
6,7,72,2.0
6,7,73,5.0
6,7,74,6.0
6,7,75,6.0
6,7,76,8.0
6,7,77,1.0
6,7,78,2.0
6,7,79,6.0
6,7,80,4.0
6,7,81,3.0
6,7,82,2.0
6,7,83,8.0
6,7,84,4.0
6,7,85,6.0
6,7,86,3.0
6,7,87,1.0
6,7,88,4.0
6,7,89,9.0
6,7,90,6.0
6,7,91,3.0
6,7,92,5.0
6,7,93,5.0
6,7,94,2.0
6,7,95,4.0
6,7,96,6.0
6,7,97,3.0
6,7,98,3.0
6,7,99,3.0
7,3,0,1710.0
7,3,1,851.0
7,3,2,979.0
7,3,3,565.0
7,3,4,987.0
7,3,5,1267.0
7,3,6,989.0
7,3,7,1182.0
7,3,8,1331.0
7,3,9,985.0
7,3,10,1246.0
7,3,11,982.0
7,3,12,544.0
7,3,13,304.0
7,3,14,1160.0
7,3,15,664.0
7,3,16,821.0
7,3,17,1017.0
7,3,18,395.0
7,3,19,1097.0
7,3,20,1407.0
7,3,21,964.0
7,3,22,644.0
7,3,23,1039.0
7,3,24,1661.0
7,3,25,1911.0
7,3,26,591.0
7,3,27,633.0
7,3,28,687.0
7,3,29,570.0
7,3,30,1187.0
7,3,31,618.0
7,3,32,1206.0
7,3,33,1268.0
7,3,34,1055.0
7,3,35,1584.0
7,3,36,726.0
7,3,37,1044.0
7,3,38,1346.0
7,3,39,1963.0
7,3,40,545.0
7,3,41,1605.0
7,3,42,838.0
7,3,43,135.0
7,3,44,750.0
7,3,45,1247.0
7,3,46,350.0
7,3,47,1290.0
7,3,48,846.0
7,3,49,553.0
7,3,50,338.0
7,3,51,1691.0
7,3,52,1090.0
7,3,53,1170.0
7,3,54,996.0
7,3,55,1017.0
7,3,56,1698.0
7,3,57,1628.0
7,3,58,926.0
7,3,59,1075.0
7,3,60,1565.0
7,3,61,1173.0
7,3,62,569.0
7,3,63,1324.0
7,3,64,990.0
7,3,65,783.0
7,3,66,1304.0
7,3,67,1303.0
7,3,68,1714.0
7,3,69,140.0
7,3,70,953.0
7,3,71,975.0
7,3,72,1689.0
7,3,73,1385.0
7,3,74,1115.0
7,3,75,852.0
7,3,76,947.0
7,3,77,1153.0
7,3,78,927.0
7,3,79,1588.0
7,3,80,1253.0
7,3,81,1716.0
7,3,82,330.0
7,3,83,1081.0
7,3,84,937.0
7,3,85,1503.0
7,3,86,1779.0
7,3,87,1586.0
7,3,88,1501.0
7,3,89,1080.0
7,3,90,1412.0
7,3,91,223.0
7,3,92,1043.0
7,3,93,975.0
7,3,94,1486.0
7,3,95,1221.0
7,3,96,1578.0
7,3,97,1007.0
7,3,98,726.0
7,3,99,956.0
7,5,0,34.0
7,5,1,51.0
7,5,2,44.0
7,5,3,24.0
7,5,4,26.0
7,5,5,25.0
7,5,6,40.0
7,5,7,38.0
7,5,8,63.0
7,5,9,68.0
7,5,10,30.0
7,5,11,34.0
7,5,12,48.0
7,5,13,52.0
7,5,14,49.0
7,5,15,10.0
7,5,16,5.0
7,5,17,36.0
7,5,18,41.0
7,5,19,18.0
7,5,20,46.0
7,5,21,23.0
7,5,22,20.0
7,5,23,33.0
7,5,24,52.0
7,5,25,67.0
7,5,26,17.0
7,5,27,27.0
7,5,28,23.0
7,5,29,23.0
7,5,30,12.0
7,5,31,38.0
7,5,32,37.0
7,5,33,46.0
7,5,34,37.0
7,5,35,50.0
7,5,36,52.0
7,5,37,70.0
7,5,38,28.0
7,5,39,56.0
7,5,40,26.0
7,5,41,46.0
7,5,42,10.0
7,5,43,76.0
7,5,44,61.0
7,5,45,77.0
7,5,46,54.0
7,5,47,65.0
7,5,48,62.0
7,5,49,30.0
7,5,50,57.0
7,5,51,63.0
7,5,52,47.0
7,5,53,32.0
7,5,54,45.0
7,5,55,43.0
7,5,56,59.0
7,5,57,17.0
7,5,58,67.0
7,5,59,30.0
7,5,60,41.0
7,5,61,67.0
7,5,62,56.0
7,5,63,41.0
7,5,64,41.0
7,5,65,4.0
7,5,66,23.0
7,5,67,44.0
7,5,68,18.0
7,5,69,61.0
7,5,70,40.0
7,5,71,47.0
7,5,72,68.0
7,5,73,17.0
7,5,74,70.0
7,5,75,44.0
7,5,76,55.0
7,5,77,40.0
7,5,78,47.0
7,5,79,41.0
7,5,80,36.0
7,5,81,39.0
7,5,82,80.0
7,5,83,50.0
7,5,84,53.0
7,5,85,54.0
7,5,86,46.0
7,5,87,43.0
7,5,88,25.0
7,5,89,55.0
7,5,90,40.0
7,5,91,56.0
7,5,92,32.0
7,5,93,14.0
7,5,94,12.0
7,5,95,74.0
7,5,96,70.0
7,5,97,25.0
7,5,98,71.0
7,5,99,39.0
7,7,0,32.0
7,7,1,31.0
7,7,2,12.0
7,7,3,16.0
7,7,4,24.0
7,7,5,5.0
7,7,6,10.0
7,7,7,27.0
7,7,8,13.0
7,7,9,7.0
7,7,10,9.0
7,7,11,18.0
7,7,12,21.0
7,7,13,25.0
7,7,14,26.0
7,7,15,10.0
7,7,16,5.0
7,7,17,14.0
7,7,18,13.0
7,7,19,8.0
7,7,20,18.0
7,7,21,23.0
7,7,22,15.0
7,7,23,19.0
7,7,24,22.0
7,7,25,30.0
7,7,26,17.0
7,7,27,24.0
7,7,28,19.0
7,7,29,23.0
7,7,30,12.0
7,7,31,21.0
7,7,32,8.0
7,7,33,21.0
7,7,34,26.0
7,7,35,25.0
7,7,36,16.0
7,7,37,24.0
7,7,38,11.0
7,7,39,12.0
7,7,40,19.0
7,7,41,14.0
7,7,42,10.0
7,7,43,14.0
7,7,44,21.0
7,7,45,20.0
7,7,46,24.0
7,7,47,14.0
7,7,48,4.0
7,7,49,12.0
7,7,50,25.0
7,7,51,33.0
7,7,52,26.0
7,7,53,18.0
7,7,54,20.0
7,7,55,17.0
7,7,56,25.0
7,7,57,11.0
7,7,58,21.0
7,7,59,18.0
7,7,60,27.0
7,7,61,43.0
7,7,62,23.0
7,7,63,21.0
7,7,64,13.0
7,7,65,4.0
7,7,66,23.0
7,7,67,13.0
7,7,68,7.0
7,7,69,14.0
7,7,70,15.0
7,7,71,17.0
7,7,72,11.0
7,7,73,17.0
7,7,74,7.0
7,7,75,18.0
7,7,76,14.0
7,7,77,19.0
7,7,78,18.0
7,7,79,18.0
7,7,80,24.0
7,7,81,25.0
7,7,82,8.0
7,7,83,13.0
7,7,84,13.0
7,7,85,17.0
7,7,86,20.0
7,7,87,7.0
7,7,88,19.0
7,7,89,16.0
7,7,90,37.0
7,7,91,35.0
7,7,92,8.0
7,7,93,14.0
7,7,94,9.0
7,7,95,21.0
7,7,96,13.0
7,7,97,21.0
7,7,98,27.0
7,7,99,12.0
8,3,0,3962.0
8,3,1,2244.0
8,3,2,450.0
8,3,3,2834.0
8,3,4,2101.0
8,3,5,3667.0
8,3,6,1524.0
8,3,7,2335.0
8,3,8,2975.0
8,3,9,1671.0
8,3,10,2747.0
8,3,11,2759.0
8,3,12,2219.0
8,3,13,3285.0
8,3,14,2764.0
8,3,15,2292.0
8,3,16,3544.0
8,3,17,4524.0
8,3,18,3597.0
8,3,19,3689.0
8,3,20,4143.0
8,3,21,2523.0
8,3,22,3325.0
8,3,23,2652.0
8,3,24,3155.0
8,3,25,1244.0
8,3,26,4545.0
8,3,27,3784.0
8,3,28,1703.0
8,3,29,2736.0
8,3,30,2476.0
8,3,31,2118.0
8,3,32,2555.0
8,3,33,872.0
8,3,34,1832.0
8,3,35,2489.0
8,3,36,3095.0
8,3,37,2089.0
8,3,38,1939.0
8,3,39,2800.0
8,3,40,3394.0
8,3,41,899.0
8,3,42,1832.0
8,3,43,2808.0
8,3,44,3954.0
8,3,45,1694.0
8,3,46,3571.0
8,3,47,1347.0
8,3,48,2874.0
8,3,49,956.0
8,3,50,3107.0
8,3,51,2380.0
8,3,52,2794.0
8,3,53,2166.0
8,3,54,4564.0
8,3,55,2058.0
8,3,56,4122.0
8,3,57,4016.0
8,3,58,2006.0
8,3,59,3377.0
8,3,60,3582.0
8,3,61,4843.0
8,3,62,3205.0
8,3,63,3353.0
8,3,64,2564.0
8,3,65,3473.0
8,3,66,479.0
8,3,67,1844.0
8,3,68,3126.0
8,3,69,2375.0
8,3,70,3396.0
8,3,71,2860.0
8,3,72,2486.0
8,3,73,3490.0
8,3,74,3061.0
8,3,75,2625.0
8,3,76,1604.0
8,3,77,2963.0
8,3,78,2816.0
8,3,79,3646.0
8,3,80,2315.0
8,3,81,3141.0
8,3,82,2637.0
8,3,83,3332.0
8,3,84,3655.0
8,3,85,2154.0
8,3,86,2838.0
8,3,87,3574.0
8,3,88,2104.0
8,3,89,4030.0
8,3,90,2784.0
8,3,91,3017.0
8,3,92,1895.0
8,3,93,3007.0
8,3,94,1194.0
8,3,95,4013.0
8,3,96,3531.0
8,3,97,3569.0
8,3,98,1703.0
8,3,99,2988.0
8,5,0,43.0
8,5,1,53.0
8,5,2,57.0
8,5,3,28.0
8,5,4,36.0
8,5,5,31.0
8,5,6,53.0
8,5,7,54.0
8,5,8,38.0
8,5,9,30.0
8,5,10,78.0
8,5,11,35.0
8,5,12,73.0
8,5,13,35.0
8,5,14,18.0
8,5,15,16.0
8,5,16,20.0
8,5,17,40.0
8,5,18,35.0
8,5,19,51.0
8,5,20,34.0
8,5,21,20.0
8,5,22,24.0
8,5,23,68.0
8,5,24,54.0
8,5,25,34.0
8,5,26,23.0
8,5,27,27.0
8,5,28,52.0
8,5,29,55.0
8,5,30,38.0
8,5,31,36.0
8,5,32,4.0
8,5,33,39.0
8,5,34,34.0
8,5,35,32.0
8,5,36,26.0
8,5,37,31.0
8,5,38,58.0
8,5,39,45.0
8,5,40,47.0
8,5,41,51.0
8,5,42,35.0
8,5,43,67.0
8,5,44,78.0
8,5,45,28.0
8,5,46,37.0
8,5,47,34.0
8,5,48,36.0
8,5,49,39.0
8,5,50,41.0
8,5,51,56.0
8,5,52,22.0
8,5,53,61.0
8,5,54,49.0
8,5,55,46.0
8,5,56,53.0
8,5,57,80.0
8,5,58,31.0
8,5,59,38.0
8,5,60,7.0
8,5,61,65.0
8,5,62,45.0
8,5,63,77.0
8,5,64,24.0
8,5,65,5.0
8,5,66,30.0
8,5,67,44.0
8,5,68,36.0
8,5,69,50.0
8,5,70,52.0
8,5,71,41.0
8,5,72,50.0
8,5,73,27.0
8,5,74,41.0
8,5,75,30.0
8,5,76,47.0
8,5,77,42.0
8,5,78,43.0
8,5,79,20.0
8,5,80,26.0
8,5,81,42.0
8,5,82,27.0
8,5,83,63.0
8,5,84,42.0
8,5,85,71.0
8,5,86,44.0
8,5,87,45.0
8,5,88,50.0
8,5,89,47.0
8,5,90,45.0
8,5,91,41.0
8,5,92,22.0
8,5,93,28.0
8,5,94,56.0
8,5,95,24.0
8,5,96,47.0
8,5,97,16.0
8,5,98,33.0
8,5,99,89.0
8,7,0,37.0
8,7,1,21.0
8,7,2,16.0
8,7,3,7.0
8,7,4,15.0
8,7,5,26.0
8,7,6,24.0
8,7,7,16.0
8,7,8,33.0
8,7,9,20.0
8,7,10,30.0
8,7,11,31.0
8,7,12,24.0
8,7,13,10.0
8,7,14,18.0
8,7,15,9.0
8,7,16,12.0
8,7,17,18.0
8,7,18,10.0
8,7,19,7.0
8,7,20,18.0
8,7,21,14.0
8,7,22,7.0
8,7,23,14.0
8,7,24,21.0
8,7,25,6.0
8,7,26,16.0
8,7,27,27.0
8,7,28,26.0
8,7,29,21.0
8,7,30,23.0
8,7,31,29.0
8,7,32,4.0
8,7,33,20.0
8,7,34,19.0
8,7,35,17.0
8,7,36,13.0
8,7,37,8.0
8,7,38,1.0
8,7,39,18.0
8,7,40,23.0
8,7,41,30.0
8,7,42,18.0
8,7,43,18.0
8,7,44,8.0
8,7,45,16.0
8,7,46,14.0
8,7,47,22.0
8,7,48,11.0
8,7,49,16.0
8,7,50,22.0
8,7,51,10.0
8,7,52,22.0
8,7,53,15.0
8,7,54,12.0
8,7,55,14.0
8,7,56,18.0
8,7,57,16.0
8,7,58,14.0
8,7,59,27.0
8,7,60,7.0
8,7,61,27.0
8,7,62,18.0
8,7,63,24.0
8,7,64,24.0
8,7,65,5.0
8,7,66,22.0
8,7,67,17.0
8,7,68,23.0
8,7,69,14.0
8,7,70,14.0
8,7,71,11.0
8,7,72,12.0
8,7,73,19.0
8,7,74,22.0
8,7,75,11.0
8,7,76,39.0
8,7,77,24.0
8,7,78,25.0
8,7,79,20.0
8,7,80,26.0
8,7,81,13.0
8,7,82,18.0
8,7,83,13.0
8,7,84,21.0
8,7,85,12.0
8,7,86,14.0
8,7,87,13.0
8,7,88,6.0
8,7,89,28.0
8,7,90,28.0
8,7,91,24.0
8,7,92,8.0
8,7,93,22.0
8,7,94,8.0
8,7,95,13.0
8,7,96,37.0
8,7,97,16.0
8,7,98,25.0
8,7,99,26.0
9,3,0,17781.0
9,3,1,15301.0
9,3,2,16510.0
9,3,3,11380.0
9,3,4,11447.0
9,3,5,17133.0
9,3,6,18874.0
9,3,7,10287.0
9,3,8,9133.0
9,3,9,16745.0
9,3,10,11897.0
9,3,11,7883.0
9,3,12,10663.0
9,3,13,21760.0
9,3,14,15745.0
9,3,15,16786.0
9,3,16,18730.0
9,3,17,16744.0
9,3,18,21327.0
9,3,19,25275.0
9,3,20,16035.0
9,3,21,16018.0
9,3,22,20031.0
9,3,23,13327.0
9,3,24,19506.0
9,3,25,16721.0
9,3,26,12952.0
9,3,27,16213.0
9,3,28,13604.0
9,3,29,16921.0
9,3,30,21205.0
9,3,31,8486.0
9,3,32,11953.0
9,3,33,21298.0
9,3,34,17626.0
9,3,35,14737.0
9,3,36,10700.0
9,3,37,17421.0
9,3,38,8600.0
9,3,39,12475.0
9,3,40,18525.0
9,3,41,18979.0
9,3,42,17748.0
9,3,43,8960.0
9,3,44,21942.0
9,3,45,16790.0
9,3,46,19121.0
9,3,47,5905.0
9,3,48,16476.0
9,3,49,9709.0
9,3,50,16880.0
9,3,51,15732.0
9,3,52,9403.0
9,3,53,13971.0
9,3,54,14542.0
9,3,55,16991.0
9,3,56,6933.0
9,3,57,15573.0
9,3,58,20914.0
9,3,59,18665.0
9,3,60,9444.0
9,3,61,17152.0
9,3,62,15521.0
9,3,63,16915.0
9,3,64,15503.0
9,3,65,13906.0
9,5,0,88.0
9,5,1,108.0
9,5,2,101.0
9,5,3,122.0
9,5,4,18.0
9,5,5,163.0
9,5,6,76.0
9,5,7,95.0
9,5,8,35.0
9,5,9,97.0
9,5,10,173.0
9,5,11,53.0
9,5,12,104.0
9,5,13,102.0
9,5,14,53.0
9,5,15,177.0
9,5,16,42.0
9,5,17,116.0
9,5,18,163.0
9,5,19,83.0
9,5,20,93.0
9,5,21,72.0
9,5,22,111.0
9,5,23,183.0
9,5,24,69.0
9,5,25,141.0
9,5,26,123.0
9,5,27,63.0
9,5,28,144.0
9,5,29,85.0
9,5,30,131.0
9,5,31,117.0
9,5,32,101.0
9,5,33,129.0
9,5,34,108.0
9,5,35,162.0
9,5,36,114.0
9,5,37,79.0
9,5,38,74.0
9,5,39,100.0
9,5,40,83.0
9,5,41,82.0
9,5,42,126.0
9,5,43,150.0
9,5,44,81.0
9,5,45,136.0
9,5,46,66.0
9,5,47,62.0
9,5,48,79.0
9,5,49,100.0
9,5,50,101.0
9,5,51,138.0
9,5,52,86.0
9,5,53,37.0
9,5,54,36.0
9,5,55,115.0
9,5,56,100.0
9,5,57,155.0
9,5,58,194.0
9,5,59,67.0
9,5,60,182.0
9,5,61,83.0
9,5,62,121.0
9,5,63,108.0
9,5,64,27.0
9,5,65,111.0
9,7,0,17.0
9,7,1,15.0
9,7,2,33.0
9,7,3,17.0
9,7,4,15.0
9,7,5,17.0
9,7,6,21.0
9,7,7,19.0
9,7,8,35.0
9,7,9,18.0
9,7,10,17.0
9,7,11,10.0
9,7,12,29.0
9,7,13,16.0
9,7,14,19.0
9,7,15,36.0
9,7,16,14.0
9,7,17,25.0
9,7,18,24.0
9,7,19,14.0
9,7,20,27.0
9,7,21,20.0
9,7,22,28.0
9,7,23,16.0
9,7,24,29.0
9,7,25,22.0
9,7,26,12.0
9,7,27,22.0
9,7,28,16.0
9,7,29,11.0
9,7,30,27.0
9,7,31,19.0
9,7,32,20.0
9,7,33,23.0
9,7,34,20.0
9,7,35,23.0
9,7,36,9.0
9,7,37,13.0
9,7,38,16.0
9,7,39,27.0
9,7,40,28.0
9,7,41,23.0
9,7,42,5.0
9,7,43,33.0
9,7,44,13.0
9,7,45,14.0
9,7,46,22.0
9,7,47,14.0
9,7,48,13.0
9,7,49,15.0
9,7,50,18.0
9,7,51,20.0
9,7,52,16.0
9,7,53,28.0
9,7,54,10.0
9,7,55,10.0
9,7,56,14.0
9,7,57,25.0
9,7,58,18.0
9,7,59,9.0
9,7,60,27.0
9,7,61,17.0
9,7,62,23.0
9,7,63,26.0
9,7,64,24.0
9,7,65,17.0
10,3,0,30140.0
10,3,1,7295.0
10,3,2,38599.0
10,3,3,50137.0
10,3,4,53844.0
10,3,5,19564.0
10,3,6,39632.0
10,5,0,497.0
10,5,1,178.0
10,5,2,729.0
10,5,3,459.0
10,5,4,533.0
10,5,5,512.0
10,5,6,374.0
10,7,0,23.0
10,7,1,61.0
10,7,2,44.0
10,7,3,67.0
10,7,4,100.0
10,7,5,73.0
10,7,6,60.0
